Network Name,Management IP
NET14233-DSL-BG170MS1.CE3,10.163.14.228
NET254A-DSL-EXETER.CE1,10.161.50.224
NET13918-DSL-DUNGANNON.CE1,10.161.238.241
NET13918-DSL-BOSTON.CE1,10.161.238.243
NET10946-DSL-SIGHTHILLTRAININGDEPOTD894.CE4,10.161.238.226
NET10946-DSL-SIGHTHILLTRAININGDEPOTD894.CE1,10.161.216.204
NET10946-DSL-MONTROSERLODF70.CE3,10.161.216.229
NET10946-DSL-MONTROSERLODF70.CE2,10.161.216.228
NET10946-DSL-WYTHENSHAWEDF14.CE4,10.161.239.97
NET10946-DSL-WYTHENSHAWEDF14.CE1,10.161.216.219
NET10946-DSL-PEASMARSHDF63.CE4,10.161.239.144
NET10946-DSL-PEASMARSHDF63.CE1,10.161.216.222
NET10946-DSL-BROMSGROVEDE71.CE4,10.161.239.42
NET10946-DSL-BROMSGROVEDE71.CE3,10.161.216.214
NET10946-DSL-BROMSGROVEDE71.CE2,10.161.216.213
NET13753-DSL-ANDREANEWMAN.CE1,10.161.238.205
NET13918-DSL-PORTTALBOT.CE1,10.161.239.114
NET13918-DSL-BENFLEET.CE1,10.161.239.116
NET10006-DSL-BIRSTALL.CE1,10.161.238.197
NET13753-DSL-JENSWEENY.CE1,10.161.238.204
NET10946-DSL-BICESTERRLODF67.CE4,10.161.239.6
NET10946-DSL-BICESTERRLODF67.CE3,10.161.216.211
NET10946-DSL-BICESTERRLODF67.CE2,10.161.216.210
NET10946-DSL-LEATHERHEADRLODF73.CE4,10.161.239.4
NET10946-DSL-LEATHERHEADRLODF73.CE3,10.161.216.208
NET10946-DSL-LEATHERHEADRLODF73.CE2,10.161.216.207
NET10946-DSL-HUDDERSFIELDRLODF69.CE4,10.161.239.85
NET10946-DSL-HUDDERSFIELDRLODF69.CE1,10.161.216.216
NET14908-DSL-MANSFIELDCORPS.CE1,10.163.13.128
NET10946-DSL-WOMBWELLDF46.CE4,10.161.238.211
NET10946-DSL-WOMBWELLDF46.CE1,10.161.216.198
NET13313-DSL-CARRONDOCK.CE2,10.161.238.100
NET14908-DSL-MORDENCORPS.CE1,10.163.14.125
NET12695-DSL-CANARYWHARF.CE1,10.161.50.114
NET11112-DSL-DURHAM.CE2,10.161.51.236
NET11112-DSL-DURHAM.CE1,10.161.51.235
NET15823-DSL-ASQUITH.CE1,10.160.226.67
NET15873-DSL-WILLESDENT111.CE3,10.161.238.215
NET14070-DSL-WISBECH.CE1,10.161.50.126
NET15873-DSL-SUTTONSHOPT738.CE1,10.160.122.98
NET15873-DSL-PLYMOUTHT026.CE1,10.161.238.218
NET15873-DSL-LOUGHTONSHOPT790.CE1,10.160.60.245
NET14908-DSL-CHESTERTONCORPS.CE1,10.163.14.21
NET12489-DSL-C27945MSNPHARMACY.CE1,10.161.31.222
NET002A-DSL-10197-7771ESSPEMBROKE.CE2,10.161.50.72
NET13459-DSL-HARRODS.CE1,10.161.50.75
NET13442-DSL-YELLATON.CE1,10.161.238.32
NET13442-DSL-WELBECKSTREET.CE1,10.161.238.96
NET13442-DSL-WARNERROAD.CE1,10.160.123.118
NET13442-DSL-TODDINGTONMANOR.CE1,10.161.238.161
NET13442-DSL-MULLACOTTCROSS.CE1,10.161.238.35
NET13442-DSL-ILFRACOMBE.CE1,10.161.238.72
NET13442-DSL-HANGAR2021.CE1,10.161.239.87
NET13442-DSL-GLENGALLROAD.CE1,10.160.60.146
NET13442-DSL-CHALFORDSTUDIO.CE1,10.161.238.73
NET15873-DSL-LIVERPOOLEDGELANET718.CE1,10.160.122.169
NET10946-DSL-YORKWAREHOUSED256W.CE4,10.161.238.190
NET10946-DSL-YORKWAREHOUSED256W.CE2,10.161.216.195
NET14233-DSL-BG245PO1.CE2,10.163.3.253
NET12726-DSL-LONDON.CE1,10.160.227.69
NET10946-DSL-HIGHWYCOMBECRESSEXDF07.CE4,10.161.50.51
NET10946-DSL-HIGHWYCOMBECRESSEXDF07.CE1,10.161.216.62
NET002A-DSL-7306HS-CHESINGTON.CE1,10.161.50.85
NET002A-DSL-7306HS-CHESINGTON.CE2,10.161.50.84
NET14233-DSL-BG241MS1.CE3,10.163.3.226
NET14233-DSL-BG098PO1.CE1,10.163.1.190
NET14070-DSL-PENTONVILLE.CE1,10.161.50.34
NET16293-DSL-0491SALISBURY.CE1,10.161.237.239
NET14106-DSL-BISTANYP.CE1,10.161.238.92
NET16293-DSL-3443GLOSSOP.CE1,10.161.237.240
NET16293-DSL-3435EASTKILBRIDE.CE1,10.161.237.241
NET190A-DSL-NORWICH.CE2,10.161.238.57
NET13753-DSL-DOLYWERNSUITE.CE2,10.161.238.112
NET16293-DSL-2701PORTSMOUTH.CE1,10.161.1.74
NET16293-DSL-3441LEEDSWHITEROSE.CE1,10.161.1.179
NET16293-DSL-3440LIVERPOOL4.CE1,10.161.1.112
NET16293-DSL-3434STOKE.CE1,10.161.1.83
NET16293-DSL-3428O2FINCHLEY.CE1,10.161.1.168
NET16293-DSL-3420BIRMINGHAMRESORTS.CE1,10.161.1.105
NET16293-DSL-3401SWINDON2.CE1,10.161.1.66
NET16293-DSL-3396HARLOW.CE1,10.161.1.97
NET16293-DSL-3395HIGHWYCOMBE2.CE1,10.161.1.95
NET16293-DSL-3383RUGBY.CE1,10.161.1.203
NET16293-DSL-3378STIRLING.CE1,10.161.1.44
NET16293-DSL-3374SHEFFIELD5.CE1,10.161.1.176
NET16293-DSL-3370WEMBLEY.CE1,10.161.1.138
NET16293-DSL-3367NOTTINGHAM3.CE1,10.161.1.102
NET16293-DSL-3364HALIFAX.CE1,10.161.1.124
NET16293-DSL-3362DORCHESTER.CE1,10.161.1.58
NET16293-DSL-3357GLASGOW4.CE1,10.161.1.141
NET16293-DSL-3355EDINBURGH7.CE1,10.161.1.43
NET16293-DSL-3349HULL2.CE1,10.161.1.122
NET16293-DSL-3347FENCHURCHSTREET.CE1,10.161.1.156
NET16293-DSL-3345LEEDS6.CE1,10.161.1.15
NET16293-DSL-3341NEWCASTLE2.CE1,10.161.1.149
NET16293-DSL-3340LIVERPOOL3.CE1,10.161.1.111
NET16293-DSL-3336SHEFFIELD3.CE1,10.161.1.69
NET16293-DSL-3321LEEDS5.CE1,10.161.1.175
NET16293-DSL-3319BASILDON.CE1,10.161.1.197
NET16293-DSL-3311EDINBURGH6.CE1,10.161.1.136
NET16293-DSL-3310NEWQUAY.CE1,10.161.1.9
NET16293-DSL-3293WHITECITY.CE1,10.161.1.104
NET16293-DSL-3280LEEDS4.CE1,10.161.1.174
NET16293-DSL-3275PETERBOROUGH.CE1,10.161.1.6
NET16293-DSL-3272RUSSIAROW.CE1,10.161.1.91
NET16293-DSL-3271LIVERPOOL2.CE1,10.161.1.110
NET16293-DSL-3261O2ARENA.CE1,10.161.1.187
NET16293-DSL-3260FALMOUTH.CE1,10.161.1.192
NET16293-DSL-3259READING2.CE1,10.161.1.94
NET16293-DSL-3258STPAULS.CE1,10.161.1.186
NET16293-DSL-3257TEESSIDEPARK.CE1,10.161.1.148
NET16293-DSL-3252GLASGOW3.CE1,10.161.1.48
NET16293-DSL-3245BRIGHTON2.CE1,10.161.1.24
NET16293-DSL-3230BYWARDST.CE1,10.161.1.90
NET16293-DSL-3222KINGSTON2.CE1,10.161.1.109
NET16293-DSL-3203CLERKENWELL.CE1,10.161.1.89
NET16293-DSL-3202SHEFFIELD2.CE1,10.161.1.4
NET16293-DSL-3131HAYMARKET.CE1,10.161.1.120
NET16293-DSL-3121SOUTHAMPTONROW.CE1,10.161.1.119
NET16293-DSL-2861LEADENHALL.CE1,10.161.1.88
NET16293-DSL-2831ROMFORD.CE1,10.161.1.133
NET16293-DSL-2801UXBRIDGE.CE1,10.161.1.3
NET16293-DSL-2731CIRENCESTER.CE1,10.161.1.65
NET16293-DSL-2671EUSTONROAD.CE1,10.161.1.166
NET16293-DSL-2661LIVINGSTON.CE1,10.161.1.40
NET16293-DSL-2651LUTON.CE1,10.161.1.52
NET16293-DSL-2531LEEDS3.CE1,10.161.1.173
NET16293-DSL-2521CARLISLE.CE1,10.161.1.147
NET16293-DSL-2451CANARYWHARF.CE1,10.161.1.146
NET16293-DSL-2431TRURO.CE1,10.161.1.191
NET16293-DSL-2381CURTAINROAD.CE1,10.161.1.154
NET16293-DSL-2161PERTH.CE1,10.161.1.47
NET16293-DSL-2031VICTORIA2.CE1,10.161.1.183
NET16293-DSL-1921BEVERLEY.CE1,10.161.1.29
NET16293-DSL-1801SUTTONCOLDFIELD.CE1,10.161.1.81
NET16293-DSL-1711TORQUAY.CE1,10.161.1.86
NET16293-DSL-1641SHEFFIELD1.CE1,10.161.1.67
NET16293-DSL-1461COVENTRY.CE1,10.161.1.14
NET16293-DSL-1421WINCHMOREHILL.CE1,10.161.1.39
NET16293-DSL-141NOTTINGHILLGATE.CE1,10.161.1.180
NET16293-DSL-1261READING1.CE1,10.161.1.92
NET16293-DSL-1211LOUGHTON.CE1,10.161.1.131
NET16293-DSL-1191LEEDS1.CE1,10.161.1.172
NET16293-DSL-1101BERKHAMSTED.CE1,10.161.237.244
NET16293-DSL-0981ABINGDON.CE1,10.161.1.170
NET16293-DSL-0951BRUTONPLACE.CE1,10.161.1.129
NET16293-DSL-0941WHETSTONE.CE1,10.161.1.37
NET16293-DSL-0881EXETER.CE1,10.161.1.84
NET16293-DSL-0821BEAUCHAMPPLACE.CE1,10.161.1.181
NET16293-DSL-0711LEAMINGTONSPA.CE1,10.161.1.167
NET16293-DSL-0701BEDFORD.CE1,10.161.1.70
NET16293-DSL-0601WALTONONTHAMES.CE1,10.161.1.10
NET16293-DSL-0581BISHOPSSTORTFORD.CE1,10.161.1.195
NET16293-DSL-0531TWICKENHAM.CE1,10.161.1.20
NET16293-DSL-0481BARRETTST.CE1,10.161.1.128
NET16293-DSL-0451CHELTENHAM.CE1,10.161.1.169
NET16293-DSL-0441NOTTINGHAM1.CE1,10.161.1.99
NET16293-DSL-0431GLASGOW1.CE1,10.161.1.45
NET16293-DSL-0411CAMBERLEY.CE1,10.161.1.61
NET16293-DSL-0401RICHMOND.CE1,10.161.1.19
NET16293-DSL-0381BATH.CE1,10.161.1.55
NET16293-DSL-0271SOUTHWOODFORD.CE1,10.161.1.130
NET16293-DSL-0211MAIDSTONE.CE1,10.161.1.160
NET16293-DSL-0191LAVENDERHILL.CE1,10.161.1.157
NET16293-DSL-0161DEANST.CE1,10.161.1.26
NET10100-DSL-BOLTONPARKLANDS.CE1,10.161.238.133
NET13442-DSL-BARNWOOD.CE1,10.160.123.80
NET12489-DSL-C27685BARNBYGATE.CE1,10.161.23.202
NET13442-DSL-CHALFORDPLACE.CE3,10.161.235.188
NET10946-DSL-HORNSEYDF18.CE3,10.161.216.69
NET10946-DSL-HORNSEYDF18.CE2,10.161.216.68
NET10857-DSL-WOODSTOCK.CE1,10.161.50.125
NET14908-DSL-29GORDONROAD.CE1,10.161.208.80
NET14908-DSL-17REDHEUGHCOURT.CE1,10.161.209.107
NET12489-DSL-C26857BLUNDELLS.CE1,10.161.31.110
NET13093-DSL-QUEENSBURY.CE1,10.161.49.147
NET13093-DSL-UPHATHERLEY.CE1,10.161.49.149
NET13093-DSL-BRENTFORD.CE1,10.161.49.144
NET13314-DSL-GRIMSBY.CE1,10.161.40.156
NET12695-DSL-EDINBURGH.CE1,10.161.40.83
NET13392-DSL-MANCHESTER.CE1,10.161.50.93
NET15810-DSL-PUDDLETOWN.CE1,10.161.50.237
NET13093-DSL-HULL.CE1,10.161.49.146
NET13093-DSL-HEREFORD.CE1,10.161.49.145
NET13093-DSL-REIGATE.CE1,10.161.49.148
NET15810-DSL-MILTONABBAS.CE2,10.161.50.21
NET15810-DSL-MILTONABBAS.CE1,10.161.50.6
NET11112-DSL-LEICESTER.CE2,10.161.40.214
NET11112-DSL-LEICESTER.CE1,10.161.40.213
NET11112-DSL-CHESTER.CE1,10.161.41.229
NET14908-DSL-TOWARDRD.CE1,10.161.238.132
NET13753-DSL-BATHSTSUITE.CE1,10.162.37.125
NET12489-DSL-C277741ASTPHARMACY.CE1,10.161.23.198
NET10857-DSL-CUERDENHALL.CE2,10.161.44.204
NET14233-DSL-BG191MS1.CE2,10.163.1.182
NET14233-DSL-BG052CS02.CE1,10.163.3.200
NET14233-DSL-BG018HO1.CE2,10.163.14.225
NET10946-DSL-WALTONONTHAMESDF28.CE1,10.161.216.65
NET14927-DSL-HAWARDENAIRPORT.CE1,10.161.238.29
NET15792-DSL-HEADOFFICE.CE2,10.161.45.140
NET15792-DSL-BUXTONROAD200631.CE2,10.161.49.175
NET15792-DSL-BRISTOL.CE2,10.161.49.179
NET14927-DSL-RAFBRIZENORTON4PB107.CE1,10.161.48.184
NET12695-DSL-REGENTSTREET.CE1,10.161.40.22
NET12695-DSL-KINGSROAD.CE1,10.161.40.24
NET12695-DSL-ISLINGTON.CE1,10.161.40.23
NET12695-DSL-COVENTGARDEN.CE1,10.161.40.25
NET12489-DSL-C27773BRITANNIAPHARMACY.CE1,10.161.23.196
NET12695-DSL-CAMBRIDGE.CE1,10.161.40.84
NET12695-DSL-BURLINGTON.CE1,10.161.40.21
NET16293-DSL-0861HAMPSTEAD.CE1,10.161.237.166
NET16293-DSL-3246EDINBURGH5.CE1,10.161.237.162
NET16293-DSL-2721BRISTOL3.CE1,10.161.237.165
NET16293-DSL-2681LONDONWALL2.CE1,10.161.237.177
NET16293-DSL-2351ROYALFESTIVALHALL.CE1,10.161.237.172
NET16293-DSL-2321HIGHHOLBORN.CE1,10.161.237.227
NET16293-DSL-2091TRAFALGARSQUARE.CE1,10.161.237.174
NET16293-DSL-1891DIDSBURY.CE1,10.161.237.226
NET16293-DSL-1821SHADTHAMES.CE1,10.161.237.173
NET16293-DSL-1671LEEDS2.CE1,10.161.237.163
NET16293-DSL-1201LIVERPOOL1.CE1,10.161.237.228
NET16293-DSL-0911LEICESTER1.CE1,10.161.237.168
NET16293-DSL-0791LONDONWALL1.CE1,10.161.237.176
NET16293-DSL-0691NEWCASTLE.CE1,10.161.237.229
NET16293-DSL-0641CHELMSFORD.CE1,10.161.237.243
NET16293-DSL-0371BRISTOL1.CE1,10.161.237.160
NET16293-DSL-0231HIGHGATE.CE1,10.161.237.167
NET14927-DSL-RAFSTATHANMT.CE1,10.161.238.25
NET14927-DSL-RAFMARHAMROLLSROYCE.CE1,10.161.238.17
NET14927-DSL-RAFSTATHANATC.CE1,10.161.238.123
NET060A-DSL-SOLIHULL.CE3,10.161.39.251
NET060A-DSL-SOLIHULL.CE2,10.161.39.247
NET15262-DSL-TUNBRIDGEWELLS.CE1,10.161.40.153
NET15262-DSL-SWINDON.CE1,10.161.40.146
NET15262-DSL-SOUTHEND.CE1,10.161.40.145
NET15262-DSL-READING.CE1,10.161.40.132
NET15262-DSL-PORTSMOUTH.CE1,10.161.40.131
NET15262-DSL-PETERBOROUGH.CE1,10.161.40.152
NET15262-DSL-NOTTINGHAM.CE1,10.161.40.129
NET15262-DSL-NORTHAMPTON.CE1,10.161.40.127
NET15262-DSL-MAIDENHEAD.CE1,10.161.40.123
NET15262-DSL-LEYTON.CE1,10.161.40.93
NET15262-DSL-KINGSTON.CE1,10.161.40.92
NET15262-DSL-HEMEL.CE1,10.161.40.150
NET15262-DSL-DERBY.CE1,10.161.40.89
NET15262-DSL-CROYDON.CE1,10.161.40.68
NET15262-DSL-CRAWLEY.CE1,10.161.40.66
NET15262-DSL-CANTERBURY.CE1,10.161.40.86
NET15262-DSL-BEDMINSTER.CE1,10.161.40.64
NET15262-DSL-ALDERSHOT.CE1,10.161.40.148
NET10984-DSL-TRITTONROAD.CE1,10.161.40.60
NET10857-DSL-ALTRINCHAMAREAOFFICE.CE1,10.161.238.16
NET14908-DSL-FORESTOFDEANOUTREACHCORPS.CE1,10.161.237.200
NET16079-DSL-132-WELLS.CE1,10.161.237.180
NET12489-DSL-C40897BOREHAMWOODPHARMACY.CE1,10.161.23.194
NET15873-DSL-CROYDONT100.CE2,10.161.237.184
NET16079-DSL-131-EPSOM.CE2,10.161.237.183
NET16079-DSL-131-EPSOM.CE1,10.161.237.182
NET15873-DSL-WILLESDENT111.CE2,10.161.237.185
NET15873-DSL-BRENTFORDT178.CE2,10.161.237.188
NET15873-DSL-AINTREETRADET784.CE2,10.161.237.189
NET14735-DSL-BIRMINGHAM.CE1,10.161.238.33
NET060A-DSL-RUTHOVERTON.CE1,10.160.224.133
NET14927-DSL-CALEDONIANDALWHINNIE.CE1,10.162.32.69
NET14927-DSL-CALEDONIANCRIANLARICH.CE1,10.162.32.58
NET14927-DSL-CALEDONIANCREWE.CE1,10.160.178.251
NET10857-DSL-SLOUGH2207R.CE1,10.161.237.135
NET14233-DSL-BG008RO2.CE4,10.163.3.181
NET15873-DSL-EGHAMSHOPT736.CE2,10.161.237.210
NET14070-DSL-LINCOLNSHIRE.CE1,10.161.56.60
NET14927-DSL-RAFCRANWELLFIRE.CE1,10.161.237.147
NET14927-DSL-DERBYDALES.CE1,10.161.68.11
NET13313-DSL-FAWLEY.CE2,10.161.55.27
NET17154-DSL-WOKING.CE1,10.161.238.8
NET17154-DSL-MILTONKEYNES.CE1,10.161.238.10
NET14856-DSL-RAFMUSEUM.CE2,10.161.237.94
NET13753-DSL-BELLSPIECESUITE2.CE1,10.161.237.93
NET15873-DSL-EGHAMSHOPT736.CE1,10.161.237.212
NET14233-DSL-BG231PO1.CE4,10.163.3.173
NET16293-DSL-5212GABRIELSWHARF.CE1,10.161.1.2
NET16293-DSL-5210THEWHARF.CE1,10.161.1.216
NET16293-DSL-3445BELFAST4.CE1,10.161.237.125
NET16293-DSL-3410ABERDEEN3.CE1,10.161.1.50
NET16293-DSL-3405MILTONKEYNES4.CE1,10.161.237.87
NET16293-DSL-3332MANCHESTER6.CE1,10.161.1.152
NET16293-DSL-3303BELFAST3.CE1,10.161.237.118
NET16293-DSL-3270ABERDEEN2.CE1,10.161.1.49
NET16293-DSL-3255MANCHESTER5.CE1,10.161.1.151
NET16293-DSL-3240MILTONKEYNES2.CE1,10.161.1.220
NET16293-DSL-3225BIRMINGHAM3.CE1,10.161.1.1
NET16293-DSL-2981OLYMPIA.CE1,10.161.237.92
NET16293-DSL-2905BARMARZANO.CE1,10.161.1.229
NET16293-DSL-2901NORWICH2.CE1,10.161.237.79
NET16293-DSL-2751MANCHESTER3.CE1,10.161.1.150
NET16293-DSL-2571SLOUGH.CE1,10.161.237.80
NET16293-DSL-1441WINDSOR.CE1,10.161.237.81
NET16293-DSL-0841BIRMINGHAM2.CE1,10.161.1.13
NET16293-DSL-0831BIRMINGHAM1.CE1,10.161.1.178
NET16293-DSL-0571YORK1.CE1,10.161.237.88
NET16293-DSL-0501BELFAST1.CE1,10.161.237.112
NET16293-DSL-0241FULHAMRD2.CE1,10.161.237.128
NET15873-DSL-AMERSHAMSHOPT734.CE1,10.161.237.101
NET10946-DSL-BRECONDE99.CE3,10.161.216.30
NET14070-DSL-MIDDLESBROUGH.CE1,10.161.237.21
NET13753-DSL-WESTOFSCOTLAND.CE1,10.161.234.64
NET14320-DSL-BRANSHOLME7320.CE1,10.161.45.119
NET12695-DSL-MAYFAIR.CE1,10.161.39.245
NET16079-DSL-138-BARNSTAPLE.CE2,10.161.237.30
NET16079-DSL-138-BARNSTAPLE.CE1,10.161.237.29
NET10946-DSL-BRECONDE99.CE2,10.161.216.29
NET12646-DSL-COGGESHALL.CE1,10.161.49.73
NET15873-DSL-WELWYNGARDENCITYFIRSTFLOOR.CE2,10.161.237.139
NET15873-DSL-WELWYNGARDENCITYFIRSTFLOOR.CE1,10.161.237.136
NET15873-DSL-ARCHWAYSHOP728.CE1,10.161.237.76
NET11112-DSL-CHILLFACTORE.CE1,10.161.237.14
NET14233-DSL-BG052MS1.CE2,10.163.1.237
NET14545-DSL-WATFORD448.CE1,10.161.234.139
NET10946-DSL-YEOVILRLODE26.CE4,10.161.49.114
NET10946-DSL-WORCESTERD502.CE4,10.161.49.71
NET10946-DSL-WELLINGBOROUGHD947.CE4,10.161.49.99
NET10946-DSL-WANDSWORTHD968.CE4,10.161.49.102
NET10946-DSL-TROWBRIDGERLODA68.CE4,10.161.49.109
NET10946-DSL-SWINDOND977.CE4,10.161.49.105
NET10946-DSL-SWANSEAD498.CE4,10.161.49.69
NET10946-DSL-SOUTHGATED173.CE4,10.161.49.27
NET10946-DSL-SHREWSBURYD978.CE4,10.161.49.106
NET10946-DSL-READINGD508.CE4,10.161.49.88
NET10946-DSL-PORTSMOUTHD491.CE4,10.161.49.67
NET10946-DSL-POOLERLOD929.CE4,10.161.49.98
NET10946-DSL-NORTHAMPTOND526.CE4,10.161.49.89
NET10946-DSL-MUSSELBURGHRLOD587.CE4,10.161.49.90
NET10946-DSL-MILTONKEYNESD909.CE4,10.161.49.97
NET10946-DSL-MERTONRLODB58.CE4,10.161.49.112
NET10946-DSL-LEYTOND979.CE4,10.161.49.107
NET10946-DSL-KINGSTOND486.CE4,10.161.49.66
NET10946-DSL-ISLEOFWIGHTD974.CE4,10.161.49.104
NET10946-DSL-ILFORDD961.CE4,10.161.49.101
NET10946-DSL-GREENFORDD482.CE4,10.161.49.62
NET10946-DSL-GREATYARMOUTHRLODF16.CE4,10.161.49.117
NET10946-DSL-EXETERD992.CE4,10.161.49.108
NET10946-DSL-CHRISTCHURCHD542.CE4,10.161.49.76
NET10946-DSL-CARDIFFD493.CE4,10.161.49.68
NET10946-DSL-BRISTOLD973.CE4,10.161.49.103
NET10946-DSL-BRENTFORDRLODA75.CE4,10.161.49.110
NET10946-DSL-BENTOND678.CE4,10.161.49.93
NET10946-DSL-BATHRLODD64.CE4,10.161.49.113
NET10946-DSL-AYLESBURYD600.CE4,10.161.49.92
NET10946-DSL-ABINGDOND593.CE4,10.161.49.91
NET10946-DSL-WORTHINGRLODB12.CE4,10.161.49.82
NET10946-DSL-INVERNESSD865.CE4,10.161.49.77
NET10946-DSL-GUILDFORDD971.CE4,10.161.49.80
NET10946-DSL-GLASGOWD501.CE4,10.161.49.70
NET10946-DSL-EDINBURGHD519.CE4,10.161.49.75
NET10946-DSL-BRIGHTOND970.CE4,10.161.49.79
NET10946-DSL-BRACKNELLD963.CE4,10.161.49.78
NET10946-DSL-BIRKENHEADD640.CE4,10.161.49.72
NET10946-DSL-BECKENHAMD483.CE4,10.161.49.65
NET10946-DSL-BASILDOND291.CE4,10.161.49.61
NET10946-DSL-ABERDEENRLODA65.CE4,10.161.49.81
NET15873-DSL-COMMODOREKITCHENS190WAREHOUSE.CE1,10.161.238.191
NET14320-DSL-WYTHENSHAW7216.CE1,10.161.39.246
NET14320-DSL-UXBRIDGE7465.CE1,10.161.39.208
NET14320-DSL-WEMBLEY7475.CE1,10.161.39.214
NET14320-DSL-WAKEFIELD7263.CE1,10.161.39.228
NET14320-DSL-STRATFORD7288.CE1,10.161.39.213
NET14320-DSL-SOUTHEND7409.CE1,10.161.39.242
NET14320-DSL-SHIRLEY7376.CE1,10.161.40.14
NET14320-DSL-PORTSMOUTH7332.CE1,10.161.40.6
NET14320-DSL-PECKHAM7280.CE1,10.161.39.209
NET14320-DSL-LEWISHAM7282.CE1,10.161.39.211
NET14320-DSL-HYDE7213.CE1,10.161.40.18
NET14320-DSL-GRAYS7391.CE1,10.161.39.241
NET14320-DSL-ELEPHANT7283.CE1,10.161.39.212
NET14320-DSL-DALSTON7274.CE1,10.161.39.215
NET14320-DSL-CASTLEFORD7323.CE1,10.161.39.230
NET14320-DSL-CARDIFF7525.CE1,10.161.39.201
NET14320-DSL-BOSCOMBE7388.CE1,10.161.40.8
NET14320-DSL-BASILDON7270.CE1,10.161.39.237
NET14927-DSL-RAFLOSSIMOUTH.CE1,10.161.237.38
NET10946-DSL-NEWBURYD955.CE4,10.161.49.100
NET10946-DSL-BASINGSTOKERLODF15.CE4,10.161.49.116
NET10946-DSL-TEAMVALLEYDE75.CE1,10.161.93.76
NET10946-DSL-KINNINGPARKDE86.CE3,10.161.93.68
NET10946-DSL-KINNINGPARKDE86.CE2,10.161.93.67
NET10946-DSL-GARRETTSGREENDE88.CE1,10.161.93.74
NET15873-DSL-RUISLIPT726.CE2,10.161.237.131
NET15873-DSL-ARCHWAYSHOP728.CE2,10.161.237.77
NET14233-DSL-BG240RO1.CE4,10.163.1.119
NET13147-DSL-MANCHESTER.CE1,10.161.50.112
NET14233-DSL-BG257PO1.CE4,10.163.3.2
NET14233-DSL-BG257PO1.CE2,10.163.3.0
NET14233-DSL-BG257PO1.CE1,10.163.2.255
NET14233-DSL-BG254PO1.CE2,10.163.3.241
NET14233-DSL-BG254PO2.CE1,10.163.2.239
NET14233-DSL-BG253PO1.CE2,10.163.2.237
NET14233-DSL-BG246PO1.CE4,10.163.2.231
NET14233-DSL-BG234PO2.CE1,10.163.2.219
NET14233-DSL-BG234MS1.CE4,10.163.2.218
NET14233-DSL-BG234MS1.CE2,10.163.2.212
NET14233-DSL-BG234MS1.CE1,10.163.2.211
NET14233-DSL-BG230PO1.CE4,10.163.2.210
NET14233-DSL-BG230MS2.CE5,10.163.2.199
NET14233-DSL-BG230MS2.CE4,10.163.2.193
NET14233-DSL-BG230MS2.CE2,10.163.2.192
NET14233-DSL-BG191PO1.CE2,10.163.2.13
NET14233-DSL-BG187TP1.CE1,10.163.2.181
NET14233-DSL-BG058MS1.CE1,10.163.3.252
NET14233-DSL-BG010PO1.CE4,10.163.2.96
NET14233-DSL-BG228PO2.CE2,10.163.0.47
NET14139-DSL-MACCLESFIELD.CE2,10.161.40.34
NET14139-DSL-MACCLESFIELD.CE1,10.161.40.33
NET159A-DSL-FARNBOROUGH.CE2,10.161.39.186
NET16718-DSL-PORTSMOUTH.CE1,10.161.235.64
NET14233-DSL-BG232MS1.CE1,10.163.14.190
NET14908-DSL-BATHTEMPLECORPS.CE1,10.161.48.157
NET14320-DSL-SHEFFIELD7267.CE1,10.161.39.163
NET14320-DSL-LEEDSMERRION7410.CE1,10.161.39.172
NET14320-DSL-LEEDS7268.CE1,10.161.39.168
NET14320-DSL-HUDDERSFIELD7338.CE1,10.161.39.169
NET14320-DSL-HALIFAX7305.CE1,10.161.39.167
NET14320-DSL-DONCASTER7264.CE1,10.161.39.162
NET14320-DSL-BULWELL7317.CE1,10.161.39.177
NET14320-DSL-BRADFORD7277.CE1,10.161.39.164
NET14320-DSL-STOCKTON7241.CE1,10.161.39.151
NET14080-DSL-PENWORTHAM.CE2,10.161.40.170
NET14080-DSL-ORMSKIRK.CE2,10.161.40.236
NET14080-DSL-MORECAMBE.CE4,10.161.41.14
NET14080-DSL-LEYLAND.CE2,10.161.40.234
NET12489-DSL-C20159DRMAHER.CE1,10.161.31.88
NET10946-DSL-HAYESDE92.CE3,10.161.93.65
NET10946-DSL-HAYESDE92.CE2,10.161.93.64
NET14080-DSL-GARSTANG.CE2,10.161.40.232
NET14080-DSL-GARSTANG.CE1,10.161.40.231
NET10946-DSL-NEWBRIDGEDC87.CE2,10.160.237.13
NET12489-DSL-C41272EVERETTSPHARMACY.CE1,10.161.31.86
NET14080-DSL-BAMBERBRIDGE.CE2,10.161.40.179
NET14080-DSL-BLACKPOOL.CE2,10.161.40.183
NET14080-DSL-CARNFORTH.CE2,10.161.40.185
NET14080-DSL-MORECAMBE.CE2,10.161.40.181
NET10946-DSL-EXMOUTHDE78.CE2,10.161.93.43
NET14908-DSL-LINCOLNCOURT.CE1,10.161.235.170
NET13753-DSL-HYDONHILLSTAFFACCOM.CE1,10.161.235.155
NET18531-DSL-AGSAW-TOWERHILLPARTNERSHIP-M85019.CE1,10.162.44.11
NET18522-DSL-AGSAW-SHANKLINHOUSE-M85069.CE1,10.162.44.7
NET14233-DSL-BG170PO1.CE1,10.163.1.246
NET18281-DSL-AGSAW-ROODENDMC-M88647.CE1,10.162.43.133
NET10946-DSL-EASTKILBRIDEDG06.CE4,10.162.43.118
NET13753-DSL-LYNNCOLE.CE1,10.162.42.126
NET18627-DSL-AGBSOL-JIGGINSLANESURGERY-M85143.CE1,10.162.43.50
NET18627-DSL-AGBSOL-DUDLEYPARKMC-M85063003.CE1,10.162.43.48
NET18423-DSL-AGSAW-STPAULSSURGERY-M88040-1.CE2,10.162.43.72
NET18423-DSL-AGSAW-STPAULSSURGERY-M88040-1.CE1,10.162.43.71
NET12489-DSL-C28006PILLBOXSOUTH.CE1,10.162.66.98
NET18308-DSL-AGBCC-WOODGATEVALLEYHEALTHCENTRE-M85035.CE2,10.162.42.225
NET18244-DSL-AGBSC-GRANGEHILLSURGERY-Y00075.CE2,10.162.42.222
NET18244-DSL-AGBSC-GRANGEHILLSURGERY-Y00075.CE1,10.162.42.221
NET15873-DSL-WAREHOUSE14TILBURY.CE2,10.162.43.47
NET12489-DSL-C23834CARDIFFALBANYROAD.CE2,10.162.66.78
NET10946-DSL-LEICESTERCITYDG30.CE4,10.162.43.124
NET10946-DSL-LEICESTERCITYDG30.CE1,10.161.217.157
NET18615-DSL-AGBSC-UNIVERSITYSOUTHGATE-M85782.CE2,10.162.42.209
NET18615-DSL-AGBSC-UNIVERSITYSOUTHGATE-M85782.CE1,10.162.42.208
NET13147-DSL-MIDDLESEX.CE1,10.162.42.253
NET14788-DSL-RO-STOKESCOURT-887.CE1,10.163.41.12
NET14788-DSL-RO-SPEEDWELLHOUSE-887.CE1,10.163.41.10
NET14788-DSL-RO-RIDDELLGARDENS-887.CE1,10.163.41.3
NET14788-DSL-RO-ORIGIN-WATERFORDFOOTBAL-881.CE1,10.163.41.15
NET14788-DSL-RO-ORIGIN-ROSEBUSH-877.CE1,10.163.41.9
NET14788-DSL-RO-ORIGIN-ROBERTMORTON-877.CE1,10.163.41.4
NET14788-DSL-RO-ORIGIN-PENNEHOUSE-877.CE1,10.163.41.6
NET14788-DSL-RO-ORIGIN-MARYWEBSTER-877.CE1,10.163.41.5
NET14788-DSL-RO-ORIGIN-ENFIELD-881.CE1,10.163.41.13
NET14788-DSL-RO-ORIGIN-DICKENSONWAY-887.CE1,10.163.41.7
NET14788-DSL-RO-ORIGIN-COLUMBUSCLOSE-881.CE1,10.163.41.0
NET14788-DSL-RO-ORIGIN-CHESHIREDRIVE-887.CE1,10.163.41.11
NET14788-DSL-RO-ORIGIN-BLAKENEYROAD-881.CE1,10.163.41.1
NET14788-DSL-RO-CANTERBURYROAD-887.CE1,10.163.41.2
NET18293-DSL-AGBCC-BALDWINSSURGERY-M85118.CE2,10.162.42.214
NET10946-DSL-LEATHERHEADCLEARANCEDG25.CE4,10.162.42.173
NET18262-DSL-AGBSAW-MARSHALLSTSURGERY-M88637.CE2,10.162.42.105
NET18262-DSL-AGBSAW-MARSHALLSTSURGERY-M88637.CE1,10.162.42.104
NET15873-DSL-COMMODORETILBURY.CE3,10.162.42.155
NET18481-DSL-AGSAW-CAMBRIDGEST-M88628.CE2,10.162.42.75
NET18481-DSL-AGSAW-CAMBRIDGEST-M88628.CE1,10.162.42.74
NET12489-DSL-C27986MEDSANDPILLS.CE1,10.162.66.57
NET18580-DSL-AGSHR-PORTCULLISSURGERY-M82043.CE2,10.162.41.240
NET18580-DSL-AGSHR-PORTCULLISSURGERY-M82043.CE1,10.162.38.247
NET10857-DSL-SCOTTWORKS6193R.CE1,10.162.42.90
NET18563-DSL-AGSHR-MUCHWENLOCKKINGSWAYLODGE-M82019-2.CE2,10.162.41.233
NET18563-DSL-AGSHR-MUCHWENLOCKKINGSWAYLODGE-M82019-2.CE1,10.162.41.232
NET18562-DSL-AGSHR-MUCHWENLOCKCLIFTONLODGE-M82019-1.CE2,10.162.38.56
NET18562-DSL-AGSHR-MUCHWENLOCKCLIFTONLODGE-M82019-1.CE1,10.162.38.55
NET13753-DSL-WETHERBY.CE1,10.162.41.217
NET13753-DSL-ANDREWHUGHES.CE1,10.162.42.127
NET14908-DSL-31TYNYPARC.CE1,10.161.211.220
NET10006-DSL-MIDDLESBROUGH-CE2,10.162.41.229
NET10006-DSL-MIDDLESBROUGH-CE1,10.162.41.228
NET10946-DSL-RADSTOCKDG21.CE4,10.162.43.32
NET10946-DSL-PORTCHESTERDG18.CE4,10.162.42.211
NET10946-DSL-PORTCHESTERDG18.CE1,10.161.217.142
NET10946-DSL-HAYDOCKDG08.CE4,10.162.42.183
NET10946-DSL-HAYDOCKDG08.CE3,10.161.217.140
NET10946-DSL-HAYDOCKDG08.CE2,10.161.217.139
NET18574-DSL-AGSHR-CLAREMONTBANKSURGERY-M82034.CE1,10.162.38.60
NET10946-DSL-THORNEDG19.CE4,10.162.42.84
NET10946-DSL-DENTONDG20.CE4,10.162.42.97
NET10946-DSL-BYFLEETDG16.CE4,10.162.42.165
NET12489-DSL-C41287RADAMSPHARMACY.CE1,10.162.66.53
NET14927-DSL-HOMERROAD.CE2,10.162.42.7
NET14927-DSL-HOMERROAD.CE1,10.162.41.239
NET16079-DSL-209-SWINDONOUTLET.CE2,10.162.41.151
NET16079-DSL-209-SWINDONOUTLET.CE1,10.162.41.150
NET18277-DSL-AGSAW-PORTWAYFAMILYPRACTICE-M88026.CE2,10.162.41.155
NET18277-DSL-AGSAW-PORTWAYFAMILYPRACTICE-M88026.CE1,10.162.41.154
NET14927-DSL-RUSHMORE.CE1,10.162.41.137
NET14070-DSL-OLDMARKETPLACE.CE1,10.162.41.146
NET14320-DSL-TAUNTON7512.CE1,10.162.40.220
NET18519-DSL-AGSAW-ROWLEYREGISVS-M88004-2.CE2,10.162.41.127
NET18519-DSL-AGSAW-ROWLEYREGISVS-M88004-2.CE1,10.162.41.126
NET10857-DSL-BURY3191R.CE1,10.162.41.163
NET10857-DSL-THORPEHALLHEADWAY.CE1,10.162.41.153
NET10857-DSL-THORPEHALLBMS.CE1,10.162.41.157
NET12489-DSL-C27646HOLLOWOODCHEMIST.CE1,10.161.18.150
NET18271-DSL-AGSAW-CARTERSGREENMC-M88004-3.CE2,10.162.41.105
NET18271-DSL-AGSAW-CARTERSGREENMC-M88004-3.CE1,10.162.41.104
NET10857-DSL-NOTTINGHAM6195.CE1,10.162.41.107
NET18280-DSL-AGSAW-OAKHAMSURGERY-M88004-4.CE2,10.162.41.91
NET18280-DSL-AGSAW-OAKHAMSURGERY-M88004-4.CE1,10.162.41.90
NET10857-DSL-WREXHAM3192R.CE1,10.162.41.100
NET10857-DSL-COLESHILL9998.CE1,10.162.41.102
NET13196-DSL-WIGMORELANE.CE1,10.162.41.114
NET16293-DSL-3401SWINDON2.CE2,10.162.41.88
NET10946-DSL-HOOKDG09.CE4,10.162.42.94
NET10946-DSL-HOOKDG09.CE3,10.161.217.128
NET10946-DSL-HOOKDG09.CE2,10.161.217.127
NET10857-DSL-HILLSBOROUGH6192R.CE1,10.162.41.86
NET18261-DSL-AGSAW-BROADWAYHEALTHCENTRE-Y00471.CE1,10.162.41.45
NET10946-DSL-THORNABYDG13.CE3,10.161.217.119
NET16003-DSL-S025SEVENOAKS.CE1,10.161.53.64
NET10946-DSL-THORNBURYDF65.CE4,10.162.41.220
NET10946-DSL-THORNABYDG13.CE4,10.162.41.136
NET10946-DSL-THORNABYDG13.CE2,10.161.217.118
NET14320-DSL-HUNTINGDONLDC.CE2,10.161.50.238
NET15792-DSL-WONFORD200279.CE1,10.161.47.35
NET15792-DSL-WICKFORD200532.CE1,10.161.48.58
NET15792-DSL-WHICKHAM200415.CE1,10.161.46.158
NET15792-DSL-WESTCROSS200354.CE1,10.161.48.19
NET15792-DSL-WALTHAMSTOW200590.CE1,10.160.123.227
NET15792-DSL-TRIMSARAN200257.CE1,10.161.48.6
NET15792-DSL-TOTNES200287.CE1,10.161.48.88
NET15792-DSL-SLADEGREEN200566.CE1,10.161.47.18
NET15792-DSL-SKEWEN200363.CE1,10.161.47.250
NET15792-DSL-SCURLAGE200250.CE1,10.161.48.13
NET15792-DSL-SAFFRONWALDEN200559.CE1,10.161.46.215
NET15792-DSL-ROTHWELL200529.CE1,10.161.46.162
NET15792-DSL-ROGERSTONE200370.CE1,10.161.47.124
NET15792-DSL-PORTTENNANT200274.CE1,10.161.47.249
NET15792-DSL-PLYMSTOCK200291.CE1,10.161.47.224
NET15792-DSL-ONGAR200546.CE1,10.161.47.10
NET15792-DSL-MIDDLESBROUGH200420.CE1,10.161.48.89
NET15792-DSL-MERTHYRTYDFIL200377.CE1,10.161.46.251
NET15792-DSL-MELBOURN200514.CE1,10.161.48.46
NET15792-DSL-MAESTEG200375.CE1,10.161.46.236
NET15792-DSL-KEIGHLEY200202.CE1,10.161.46.197
NET15792-DSL-HORFIELD200488.CE1,10.161.46.212
NET15792-DSL-HONICKNOWLE200478.CE1,10.161.47.219
NET15792-DSL-HERTFORD200612.CE1,10.161.48.45
NET15792-DSL-HARTLEPOOL200412.CE1,10.161.48.90
NET15792-DSL-HARLOW200595.CE1,10.161.46.122
NET15792-DSL-GREATSTONE200656.CE1,10.161.48.73
NET15792-DSL-GRANTHAM200700.CE1,10.161.47.108
NET15792-DSL-GORLESTON200553.CE1,10.161.47.162
NET15792-DSL-CULCHETH200405.CE1,10.161.48.94
NET15792-DSL-CORBY200503.CE1,10.161.47.114
NET15792-DSL-CHADDLEWOOD200481.CE1,10.161.47.222
NET15792-DSL-CASTLEFORD200245.CE1,10.161.48.102
NET15792-DSL-CARLTONCOLVILLE200537.CE1,10.161.47.164
NET15792-DSL-CAMBRIDGE200695.CE1,10.161.46.110
NET15792-DSL-BROTTON200113.CE1,10.160.38.229
NET15792-DSL-BIDEFORD200484.CE1,10.161.47.36
NET15792-DSL-BENTSGREEN200452.CE1,10.161.47.231
NET15792-DSL-BEDWORTH200335.CE1,10.161.47.12
NET15792-DSL-ABERYSTWYTH200425.CE1,10.161.48.66
NET14908-DSL-ORIELCOTTAGE.CE1,10.161.211.67
NET14908-DSL-89BROOKDALE.CE1,10.161.211.57
NET14908-DSL-6HILLTOPCLOSE.CE1,10.161.208.26
NET14908-DSL-5BIRCHROAD.CE1,10.161.210.11
NET14908-DSL-25CRAYKEROAD.CE1,10.161.210.247
NET14908-DSL-25ASHBURNWAY.CE1,10.161.209.152
NET14908-DSL-20CONVENTROAD.CE1,10.161.209.55
NET14908-DSL-163CLOVERFIELD.CE1,10.161.209.207
NET13313-DSL-VICTORYROAD.CE1,10.161.54.166
NET10946-DSL-WARDLEYDF23.CE3,10.161.216.60
NET10946-DSL-WARDLEYDF23.CE2,10.161.216.59
NET11112-DSL-LEAMINGTON.CE2,10.161.54.60
NET10946-DSL-LEEKDF36.CE4,10.161.54.190
NET10946-DSL-LEEKDF36.CE3,10.161.216.85
NET10946-DSL-LEEKDF36.CE2,10.161.216.84
NET10946-DSL-FRASERBURGHDF24.CE4,10.161.54.217
NET10946-DSL-FRASERBURGHDF24.CE3,10.161.216.88
NET10946-DSL-FRASERBURGHDF24.CE2,10.161.216.87
NET14320-DSL-TROWBRIDGE7588.CE2,10.161.54.33
NET15810-DSL-HIGHCLIFFEMEDICALCENTRE.CE1,10.161.50.174
NET14908-DSL-STEPPINGSTONES.CE1,10.161.53.249
NET12489-DSL-C27906HARWORTH.CE1,10.162.66.46
NET14106-DSL-SMITHV.CE1,10.162.41.103
NET13753-DSL-HYDONHILLSUITE.CE2,10.161.238.47
NET18634-DSL-AGBSOL-ARRAN-M89013.CE1,10.162.41.241
NET18594-DSL-AGBCC-NECHELLS-M85759.CE2,10.162.40.223
NET18594-DSL-AGBCC-NECHELLS-M85759.CE1,10.162.40.222
NET10076-DSL-SALFORD.CE1,10.162.40.227
NET17088-DSL-LEEDS.CE1,10.162.42.139
NET12695-DSL-BATH.CE1,10.162.40.204
NET10197-DSL-7197MEP-GREENFORD-VOICE.CE2,10.162.40.208
NET10197-DSL-7197MEP-GREENFORD-DATA.CE1,10.162.40.207
NET10946-DSL-CLECKHEATONDG05.CE3,10.161.217.95
NET10946-DSL-CLECKHEATONDG05.CE2,10.161.217.94
NET14106-DSL-LEWISS.CE1,10.162.40.202
NET18075-DSL-AGBCC-POPLAR-M85065.CE2,10.162.40.182
NET18075-DSL-AGBCC-POPLAR-M85065.CE1,10.162.40.181
NET14908-DSL-SALTCOATSCORPS.CE1,10.163.12.8
NET15792-DSL-MARTOCK200293.CE2,10.161.48.127
NET10946-DSL-BAMBERBRIDGEDF93.CE4,10.162.40.216
NET10946-DSL-BAMBERBRIDGEDF93.CE3,10.161.217.101
NET10946-DSL-BAMBERBRIDGEDF93.CE2,10.161.217.100
NET10946-DSL-ASHBYDELAZOUCHDG04.CE4,10.162.41.43
NET16293-DSL-3422LEICESTERSQUARE.CE1,10.161.237.6
NET16293-DSL-3411MANCHESTER7.CE1,10.161.1.153
NET16293-DSL-3294YORK3.CE1,10.161.237.1
NET16293-DSL-2851BISHOPSGATE.CE1,10.161.237.84
NET16293-DSL-2611MANCHESTER2.CE1,10.161.237.91
NET16293-DSL-1851EDINBURGH3.CE1,10.161.237.124
NET13753-DSL-THEMEADOWS-BANBRIDGE.CE1,10.161.52.170
NET16293-DSL-0111WARDOURST.CE1,10.161.237.7
NET15214-DSL-BANKSEPAH.CE1,10.160.226.156
NET002A-DSL-7744ESS-KINTORE.CE2,10.161.235.76
NET002A-DSL-7744ESS-KINTORE.CE1,10.161.234.152
NET13459-DSL-LAWSON.CE1,10.161.235.153
NET15873-DSL-KEENCOSTDONCASTER.CE2,10.161.235.252
NET13500-DSL-STAPLEGARDENSWINCHESTER.CE1,10.161.69.9
NET10857-DSL-CHELTENHAM.CE1,10.161.57.68
NET10857-DSL-MACCLESFIELDB3169R.CE1,10.161.56.81
NET10946-DSL-OLDWOLVERTONDD08.CE4,10.161.59.217
NET12489-DSL-C41197ELLACOMBE.CE1,10.161.31.214
NET12489-DSL-C33798SWALECLIFFE.CE2,10.162.32.231
NET13753-DSL-JOHNSTOWNSUPPLIVING.CE1,10.161.235.133
NET10857-DSL-SALESHOP3135R.CE1,10.160.112.181
NET10006-DSL-HULL.CE1,10.161.235.125
NET13753-DSL-WESTMEAD.CE1,10.161.88.79
NET16293-DSL-12CHARLOTTEMEWS.CE1,10.162.40.226
NET12606-DSL-ORIGINONE-CRAWLEY.CE1,10.162.40.164
NET14080-DSL-LANCASTER.CE1,10.161.48.128
NET10946-DSL-POTTERSBARDF11.CE3,10.161.216.5
NET10946-DSL-POTTERSBARDF11.CE2,10.161.216.4
NET10946-DSL-RADCLIFFEDF12.CE1,10.161.216.50
NET18546-DSL-MEMSETDC.CE1,100.64.0.16
NET10413-DSL-SHAKESPEARESTREETNEWCASTLE.CE1,10.162.40.143
NET10946-DSL-TILEHILLDG14.CE4,10.162.40.217
NET10946-DSL-BARNETDE08.CE2,10.161.100.17
NET10946-DSL-DOUGLASDF89.CE1,213.137.25.64
NET12489-DSL-C27958MALTBYLEISURECENTRE.CE1,10.161.24.199
NET12489-DSL-C27949THURNSCOEWELFAREROAD.CE1,10.161.24.195
NET16079-DSL-208-SPRINGFIELDSOUTLET.CE2,10.162.40.49
NET16079-DSL-208-SPRINGFIELDSOUTLET.CE1,10.162.40.48
NET12489-DSL-C27951BOLTON.CE1,10.161.24.192
NET12489-DSL-C27918BARNBYDUN.CE1,10.161.24.173
NET12489-DSL-C27910CONISBROUGHGARDENSLANE.CE1,10.161.24.180
NET10946-DSL-DOUGLASDF89.CE2,10.162.152.189
NET14138-DSL-NEWCASTLESERVICECENTRE.CE1,10.162.40.36
NET14138-DSL-BIRMINGHAMSERVICECENTRE.CE1,10.162.40.35
NET14138-DSL-BELFASTSERVICECENTRE.CE1,10.162.40.33
NET10946-DSL-SHIPLEYDF91.CE4,10.162.40.248
NET10946-DSL-CLECKHEATONDG05.CE4,10.162.40.194
NET10946-DSL-PENGEDG12.CE4,10.162.40.174
NET12695-DSL-GUILDFORD.CE1,10.162.39.247
NET13753-DSL-NIAGOLDING.CE1,10.162.39.248
NET12489-DSL-C27938THORNEFIELDSIDE.CE1,10.161.24.56
NET14908-DSL-70KENSEYVALLEYMEADOW.CE1,10.161.211.206
NET14908-DSL-69TAMWORTHPARK.CE1,10.161.211.211
NET10000-DSL-HYD1.CE1,10.162.39.193
NET10197-DSL-8716ESS-WELLINGBOROUGH2.CE2,10.162.40.31
NET10197-DSL-8716ESS-WELLINGBOROUGH2-CCTV.CE1,10.162.40.34
NET10197-DSL-8716ESS-WELLINGBOROUGH2.CE1,10.162.40.30
NET13753-DSL-GLADWESTSUITE.CE1,10.161.235.43
NET13093-DSL-NORRISGREEN.CE1,10.161.62.175
NET12489-DSL-C27108JACKSONS.CE2,10.161.30.113
NET13093-DSL-SMALLHEALTH.CE1,10.161.48.119
NET13093-DSL-SCARBOROUGH.CE1,10.161.48.116
NET13093-DSL-HADLEIGH.CE1,10.161.48.118
NET13753-DSL-THEMOORINGS.CE1,10.160.228.177
NET13753-DSL-SALTWAYS.CE1,10.161.19.168
NET13753-DSL-MARSKEHALL.CE1,10.161.52.149
NET14908-DSL-11MAXWELLROAD.CE1,10.161.211.212
NET14139-DSL-BRINTONWOODTRADING.CE2,10.161.45.99
NET14139-DSL-BRINTONWOODTRADING.CE1,10.161.45.83
NET12489-DSL-C27965PHARMACYBOND.CE1,10.161.24.52
NET15873-DSL-COMMODORETILBURY.CE2,10.162.38.203
NET14320-DSL-LEIGH7313.CE2,10.161.214.187
NET10000-DSL-TECHSUPPORT-TEST.CE1,10.162.36.62
NET18428-DSL-AGSAW-REGISMEDICALCENTRE-M88004-1.CE2,10.162.38.134
NET18428-DSL-AGSAW-REGISMEDICALCENTRE-M88004-1.CE1,10.162.38.133
NET10946-DSL-TALBOTGREENDF99.CE4,10.162.39.152
NET14233-DSL-BG040PO3.CE3,10.162.38.52
NET15873-DSL-HADLEIGH-ST-T018.CE1,10.162.38.142
NET15873-DSL-BEDFORD-ST-T144.CE1,10.162.38.161
NET15873-DSL-MAIDSTONET652.CE1,10.162.38.125
NET173A-DSL-KNARESBOROUGHBONDED.CE1,10.162.38.81
NET15873-DSL-WIGMORESTREET-ST-T688.CE1,10.162.38.166
NET15873-DSL-STRATFORDUPONAVON-ST-T185.CE1,10.162.38.143
NET15873-DSL-STOCKTON-ST-T146.CE1,10.162.38.162
NET15873-DSL-SOUTHWIMBLEDON-ST-T863.CE1,10.162.38.188
NET15873-DSL-GILLINGHAM-ST-T046.CE1,10.162.38.187
NET15873-DSL-DARLINGTON-ST-T014.CE1,10.162.38.165
NET14908-FTTC-SOUTHSHIELDSLETOFFICESCORPS.CE1,10.162.29.80
NET14233-DSL-BG220PO2.CE2,10.162.37.250
NET14233-DSL-BG220PO2.CE1,10.162.37.248
NET12489-DSL-C27237MDSHEALTHCARE.CE2,10.162.38.49
NET12489-DSL-C22176LINCOLN040024.CE2,10.161.24.49
NET13196-DSL-BIRMINGHAM.CE3,10.162.38.46
NET14233-DSL-BG280PO1.CE5,10.162.37.214
NET15792-DSL-HARTLEPOOL200112.CE2,10.162.38.42
NET18567-DSL-AGSHR-PRESCOTTSURGERY-M82023.CE2,10.162.38.59
NET18567-DSL-AGSHR-PRESCOTTSURGERY-M82023.CE1,10.162.38.58
NET18553-DSL-AGSHR-BRIDGENORTHMC-M82004.CE1,10.162.39.94
NET14908-DSL-278KILNROAD.CE1,10.161.211.187
NET13753-DSL-ALNEHALLCHARITYSHOPJAMESSQUARE.CE1,10.162.37.237
NET13196-DSL-BILLERICAY.CE1,10.162.38.43
NET10946-DSL-SHEFFIELDPARKWAYDF98.CE4,10.162.38.107
NET10946-DSL-WISBECHDF96.CE4,10.162.37.231
NET10946-DSL-WISBECHDF96.CE3,10.161.217.77
NET10946-DSL-WISBECHDF96.CE2,10.161.217.76
NET14233-DSL-BG282PO1.CE1,10.162.37.179
NET16079-DSL-141-SOUTHWOLD.CE2,10.162.37.208
NET16079-DSL-141-SOUTHWOLD.CE1,10.162.37.206
NET18551-DSL-AGSAW-THESURGERY-M88633.CE2,10.162.37.189
NET18551-DSL-AGSAW-THESURGERY-M88633.CE1,10.162.37.188
NET14233-DSL-BG267PO1.CE1,10.162.37.73
NET10206-DSL-READING.CE1,10.162.38.103
NET10206-DSL-NEWCASTLE.CE1,10.162.38.99
NET10206-DSL-LIVERPOOL.CE1,10.162.38.100
NET10206-DSL-GLASGOW.CE1,10.162.38.101
NET10206-DSL-IPSWICH.CE1,10.162.38.97
NET18537-DSL-AGSAW-YHPWHITEHEATHMP-M88004-6.CE2,10.162.37.175
NET18537-DSL-AGSAW-YHPWHITEHEATHMP-M88004-6.CE1,10.162.37.174
NET14106-DSL-FIRMWARETEST.CE1,10.162.37.145
NET13753-DSL-WARDIEBURN.CE2,10.162.37.146
NET16293-DSL-3357GLASGOW4.CE2,10.162.37.126
NET13753-DSL-ALNEHALLCHARITYSHOP.CE1,10.162.37.150
NET15873-DSL-HUNTINGDONT654.CE3,10.162.37.141
NET15873-DSL-HUNTINGDONT654.CE2,10.162.37.136
NET16293-DSL-3427CROYDON3.CE2,10.162.37.119
NET12489-DSL-C27889CALEDONIAN.CE1,10.161.24.46
NET18272-DSL-AGSAW-CHURCHRDSURGERY-M85697.CE2,10.162.37.96
NET18272-DSL-AGSAW-CHURCHRDSURGERY-M85697.CE1,10.162.37.95
NET18264-DSL-AGSAW-DRVKDEWAN-M88646.CE2,10.162.37.90
NET18264-DSL-AGSAW-DRVKDEWAN-M88646.CE1,10.162.37.89
NET12489-DSL-C27489SHAUNAKSPHARMACY.CE1,10.161.31.134
NET18509-DSL-AGSAW-LYNGMEDICALCENTRE-M88625.CE2,10.162.37.81
NET18509-DSL-AGSAW-LYNGMEDICALCENTRE-M88625.CE1,10.162.37.80
NET14138-DSL-LIVERPOOLLIMESTREET.CE2,10.162.37.113
NET14138-DSL-CHARINGCROSSGLASGOW.CE2,10.162.37.117
NET18521-DSL-AGSAW-SARAPHEDMC-M88610.CE2,10.162.37.88
NET18521-DSL-AGSAW-SARAPHEDMC-M88610.CE1,10.162.37.87
NET18508-DSL-AGSAW-LINKWAYLYNGCENTRE-M88038.CE2,10.162.37.86
NET18508-DSL-AGSAW-LINKWAYLYNGCENTRE-M88038.CE1,10.162.37.85
NET18274-DSL-AGSAW-DRRKARORAPRACTICE-M88619.CE2,10.162.37.79
NET18274-DSL-AGSAW-DRRKARORAPRACTICE-M88619.CE1,10.162.37.78
NET13753-DSL-MICHAELWHITEHOME.CE1,10.162.37.34
NET10857-DSL-PETERBOROUGHORTONGATE5181.CE1,10.162.37.56
NET11112-DSL-IPSWICH.CE1,10.162.37.28
NET17412-DSL-BELFAST.CE1,100.64.16.1
NET14320-DSL-REDCAR7366.CE4,10.161.214.222
NET14320-DSL-LINCOLN7412.CE4,10.161.214.144
NET14320-DSL-EASTLEIGH7386.CE4,10.161.214.109
NET14320-DSL-COLCHESTER7504.CE4,10.161.214.100
NET14320-DSL-COLCHESTER7504.CE3,10.162.37.25
NET18362-DSL-AGBSOL-GPSHEALTHCARE-M89003001.CE1,10.162.35.112
NET10857-DSL-SHIPLEY6190R.CE1,10.162.37.10
NET14524-DSL-GRANTADESIGN.CE1,10.162.36.242
NET10946-DSL-BRIGHTONHUBSHOREHAMDH02.CE4,10.162.37.11
NET10946-DSL-BRIGHTONHUBSHOREHAMDH02.CE2,10.161.217.67
NET10946-DSL-BRIGHTONHUBSHOREHAMDH02.CE3,10.161.217.68
NET16787-DSL-LAKESIDE.CE2,10.162.37.66
NET18461-DSL-AGBTW-TRINLIGHTMOOR-Y01929.CE2,10.162.40.42
NET18461-DSL-AGBTW-TRINLIGHTMOOR-Y01929.CE1,10.162.37.132
NET12489-DSL-C41022MARGRAVINEGARDENS.CE1,10.161.24.44
NET14138-DSL-NEWTONABBOTSTATION.CE1,10.162.36.223
NET14233-DSL-BG005MS1.CE1,10.163.1.205
NET10946-DSL-BRACKLEYDF97.CE4,10.162.37.1
NET10946-DSL-BRACKLEYDF97.CE3,10.161.217.65
NET10946-DSL-BRACKLEYDF97.CE2,10.161.217.64
NET14138-DSL-BELFAST.CE2,10.162.36.252
NET14908-DSL-EASTADAMSTREETEDINBURGH.CE1,10.163.12.108
NET15873-DSL-MAIDSTONET652.CE3,10.162.36.217
NET18401-DSL-XOGRAPHHOUSEBACKUP.CE1,100.64.0.15
NET15792-DSL-MOCKSHOP2333333.CE1,10.162.36.164
NET15873-DSL-MAIDSTONET652.CE2,10.162.36.216
NET18322-DSL-AGBSOL-CRANESPARKROADSURGERY-M85097.CE1,10.162.35.73
NET10946-DSL-SEAFORDDF84.CE4,10.162.37.216
NET10946-DSL-SEAFORDDF84.CE3,10.161.217.74
NET10946-DSL-SEAFORDDF84.CE2,10.161.217.73
NET14233-DSL-BG274PO1.CE3,10.162.36.75
NET14233-DSL-BG274PO1.CE2,10.162.36.74
NET14233-DSL-BG274PO1.CE1,10.162.36.73
NET14233-DSL-BG237MS2.CE2,10.162.36.99
NET14233-DSL-BG237MS2.CE1,10.162.36.98
NET18095-DSL-NEWVICTORIAHOSPITAL.CE1,10.162.36.153
NET14908-DSL-13WOMERSLEYROAD.CE1,10.161.208.244
NET10946-DSL-SOWERBYBRIDGEDF92.CE4,10.162.36.191
NET10946-DSL-SOWERBYBRIDGEDF92.CE2,10.161.217.58
NET10946-DSL-SOWERBYBRIDGEDF92.CE3,10.161.217.59
NET10946-DSL-KEYNSHAMDF95.CE4,10.162.36.229
NET10946-DSL-KEYNSHAMDF95.CE3,10.161.217.62
NET10946-DSL-KEYNSHAMDF95.CE2,10.161.217.61
NET10946-DSL-DERBYDF94.CE4,10.162.36.180
NET10946-DSL-DERBYDF94.CE3,10.161.217.56
NET10946-DSL-DERBYDF94.CE2,10.161.217.55
NET13918-DSL-TIVERTON.CE1,10.162.36.136
NET14908-DSL-73WOODLANDS.CE1,10.161.209.241
NET18366-DSL-AGBSOL-VILLAGESURGERY-M89003005.CE1,10.162.35.116
NET18365-DSL-AGBSOL-PARKSURGERY-M89003004.CE1,10.162.35.115
NET18356-DSL-AGBSOL-STRENSHAMROADSURGERY-M85783.CE1,10.162.35.106
NET18407-DSL-ISIGHT.CE1,100.64.0.11
NET18404-DSL-AGBSOL-GRAFTONRD-M89024.CE2,10.162.36.169
NET18404-DSL-AGBSOL-GRAFTONRD-M89024.CE1,10.162.36.168
NET18207-DSL-AGBSOL-RICHMONDMC-M89007.CE2,10.162.36.155
NET18207-DSL-AGBSOL-RICHMONDMC-M89007.CE1,10.162.36.154
NET18309-DSL-AGBSOL-KINGSFIELDMEDICALCENTRE-M85037.CE1,10.162.35.61
NET18303-DSL-AGBSOL-THELIMESMEDICALCENTRE-M85024.CE1,10.162.35.55
NET18314-DSL-AGBSOL-THEOAKSMEDICALCENTRE-M85060.CE1,10.162.35.66
NET14908-DSL-KINGSLYNNCORPS.CE1,10.162.36.119
NET13753-DSL-19CITYPARKWAYSUITE.CE1,10.162.36.81
NET18368-DSL-AGBSOL-HASLUCKSGREENMEDICALCENTRE-M89004.CE1,10.162.35.118
NET18340-DSL-AGBSOL-COTTERILSLANESURGERY-M85680.CE1,10.162.35.88
NET14138-DSL-OXFORD.CE2,10.162.36.150
NET14138-DSL-MANCHESTEROXFORDROAD.CE2,10.162.36.134
NET14138-DSL-MAIDENHEAD.CE2,10.162.36.133
NET14138-DSL-JAMESSTREET.CE2,10.162.36.125
NET12489-DSL-C22714SCUNTHORPE.CE1,10.161.24.35
NET14138-DSL-SLOUGH.CE2,10.162.36.151
NET18292-DSL-AGBSOL-VICARAGEROADSURGERY-M85753.CE1,10.162.35.101
NET18305-DSL-AGBSOL-ASHFIELDSURGERY-M85026.CE1,10.162.35.57
NET15873-DSL-DUNFERMLINET232.CE2,10.161.234.112
NET13753-DSL-22CITYPARKWAYSUITE.CE1,10.162.36.79
NET13753-DSL-VANESSAMIDDLETON.CE1,10.162.36.69
NET13753-DSL-HOLLYMCEANEY.CE1,10.162.36.72
NET17088-DSL-YORK.CE1,10.162.42.5
NET17088-DSL-SALCOMBE.CE1,10.162.41.251
NET17088-DSL-PENZANCE.CE1,10.162.42.147
NET17088-DSL-PENRYN.CE1,10.162.43.16
NET17088-DSL-PADSTOW.CE1,10.162.41.249
NET17088-DSL-OXFORD.CE1,10.162.42.145
NET14233-DSL-BG231PO1.CE5,10.162.35.204
NET10946-DSL-NUFFIELDDD87.CE4,10.162.35.203
NET17088-DSL-JESMOND.CE1,10.162.43.12
NET14927-DSL-CITYMAGISTRATES.CE1,10.162.36.61
NET17088-DSL-FOWEY.CE1,10.162.41.247
NET17088-DSL-CHICHESTER.CE1,10.162.41.245
NET17088-DSL-CARDIFF.CE1,10.162.42.128
NET10946-DSL-KNARESBOROUGHDZ88.CE1,10.161.217.70
NET17088-DSL-FALMOUTH.CE1,10.162.43.8
NET14138-DSL-DEANSGATESTATION.CE1,10.162.36.188
NET13196-DSL-CHELMSFORDLIBRARY.CE2,10.162.36.44
NET13196-DSL-CHELMSFORDLIBRARY.CE1,10.162.36.43
NET18250-DSL-AGBSC-DRUIDSHEATH-M85136.CE2,10.162.36.167
NET18250-DSL-AGBSC-DRUIDSHEATH-M85136.CE1,10.162.36.166
NET16293-DSL-3458BLUEWATER2.CE1,10.161.4.126
NET18406-DSL-AGBCC-UNIVERSITYMP-M85167.CE2,10.162.40.39
NET18315-DSL-AGBSOL-YARDLEYGREENMEDICALCTR-M85061.CE1,10.162.35.67
NET18255-DSL-AGBCC-BORDESLEYGREEN-M85781.CE2,10.162.36.112
NET18255-DSL-AGBCC-BORDESLEYGREEN-M85781.CE1,10.162.36.111
NET12695-DSL-DARTFORD.CE1,10.162.36.13
NET10946-DSL-NUFFIELDDD87.CE3,10.162.36.29
NET10946-DSL-CHELMSFORDRLODF78.CE4,10.162.36.22
NET10946-DSL-CHELMSFORDRLODF78.CE1,10.161.217.52
NET13313-DSL-ABERDEEN.CE2,10.162.36.12
NET13196-DSL-SILVEREND.CE2,10.162.36.47
NET15873-DSL-HARLOWT642.CE1,10.162.36.11
NET15873-DSL-WTRANSPORTNN47BW.CE1,10.162.35.231
NET10857-DSL-WAKEFIELDAREAOFFICE9662R.CE1,10.162.35.214
NET14138-DSL-BATHSPASTATION.CE1,10.162.35.234
NET10197-DSL-774ESS-KINTORE-CCTV.CE1,10.162.35.252
NET10197-DSL-7743ESS-AYLESFORD-CCTV-CE1,10.162.35.251
NET10197-DSL-7723ESS-PORTTALBOT-CCTV.CE1,10.162.35.250
NET10197-DSL-7718ESS-RAINHAM2-CCTV.CE2,10.162.35.248
NET10197-DSL-7718ESS-RAINHAM-CCTV.CE1,10.162.35.249
NET10197-DSL-7716ESS-WELLINGBOROUGH-CCTV.CE1,10.162.35.246
NET10197-DSL-7709ESS-ZLINCOLN-CCTV.CE1,10.162.35.245
NET10197-DSL-7707ESS-ZGATWICK-CCTV.CE1,10.162.35.244
NET10197-DSL-7706ESS-WESTBROM-CCTV.CE1,10.162.36.10
NET10197-DSL-7705ESS-GLASGOW-CCTV.CE1,10.162.36.9
NET10197-DSL-7704ESS-SOUTHAMPTON-CCTV.CE1,10.162.35.243
NET10197-DSL-7702ESS-HEATHROW-CCTV.CE1,10.162.35.240
NET12489-DSL-C27867COLEFORDPHARMACYDTP.CE1,10.161.24.33
NET14233-DSL-BG281MS1.CE4,10.162.35.228
NET14233-DSL-BG281MS1.CE3,10.162.35.227
NET14233-DSL-BG281MS1.CE2,10.162.35.226
NET14233-DSL-BG281MS1.CE1,10.162.35.225
NET16003-DSL-S024INVERURIE.CE1,10.162.36.37
NET17943-DSL-BOWLINGGREENSTREET.CE1,10.160.230.26
NET12646-DSL-BURYFUNERAL.CE2,10.162.35.221
NET12646-DSL-BURYFUNERAL.CE1,10.162.35.220
NET18372-DSL-AGBSOL-CROFTMEDICALCENTRE-M89012.CE1,10.162.35.122
NET18360-DSL-AGBSOL-SHERWOODHOUSEMEDICALPRACTICE-M88020.CE1,10.162.35.110
NET18343-DSL-AGBSOL-GARRETTSGREENLANESURGERY-M85694.CE1,10.162.35.91
NET18330-DSL-AGBSOL-RIVERBROOKMEDICALCENTRE-M85156.CE1,10.162.35.79
NET18317-DSL-AGBSOL-WYCHALLLANESURGERY-M85071.CE1,10.162.35.69
NET18308-DSL-AGBCC-WOODGATEVALLEYHEALTHCENTRE-M85035.CE1,10.162.42.224
NET18307-DSL-AGBSOL-OMNIAPRACTICE-M85034.CE1,10.162.35.59
NET18296-DSL-AGBSOL-PARKMEDICALCENTRE-M85005.CE1,10.162.36.94
NET10208-DSL-AVONMOUTH.CE2,10.162.36.25
NET10208-DSL-AVONMOUTH.CE1,10.162.36.24
NET10946-DSL-LUTOND475.CE4,10.161.51.5
NET18049-DSL-AGBCC-GRIFFINSBK-M85163.CE2,10.162.36.15
NET18049-DSL-AGBCC-GRIFFINSBK-M85163.CE1,10.162.36.14
NET18293-DSL-AGBCC-BALDWINSSURGERY-M85118.CE1,10.162.42.100
NET10006-DSL-WILLOWDRIVENOTTINGHAM.CE1,10.162.35.196
NET18256-DSL-AGBSC-CHARLESROAD-M85679.CE2,10.162.36.78
NET18256-DSL-AGBSC-CHARLESROAD-M85679.CE1,10.162.36.77
NET18241-DSL-AGSOL-COVENTRYROAD-M89021.CE2,10.162.36.248
NET18241-DSL-AGSOL-COVENTRYROAD-M89021.CE1,10.162.36.247
NET14138-DSL-DEWSBURYSTATION.CE1,10.162.35.232
NET18234-DSL-AGBSC-FIRSTCAREHC-M85051.CE2,10.162.35.200
NET18234-DSL-AGBSC-FIRSTCAREHC-M85051.CE1,10.162.35.199
NET18335-DSL-AGBSOL-PERRYPARKSURGERY-M85624002.CE1,10.162.35.43
NET15873-DSL-HARLOWT642.CE2,10.162.35.144
NET13313-DSL-CARDIFFSELFSTORAGE-PORTACABIN.CE1,10.162.35.6
NET15873-DSL-WALTHAMSTOW.CE3,10.162.33.105
NET13313-DSL-DERBYELTONROAD.CE1,10.162.35.164
NET14233-DSL-BG058MS1.CE5,10.163.3.88
NET13753-DSL-TONYMULHEARN.CE1,10.162.34.253
NET13196-DSL-REDCAR.CE1,10.162.35.178
NET10857-DSL-STJOHNSHOSPICE2209R.CE1,10.162.35.185
NET10857-DSL-MIRFIELDAREAOFFICE.CE1,10.162.35.215
NET10857-DSL-LOWESTOFT5179R.CE1,10.162.35.152
NET13196-DSL-THEOAKTREE.CE1,10.162.35.23
NET13196-DSL-SYDNEY.CE1,10.162.35.148
NET13196-DSL-SPANGLES.CE1,10.162.35.27
NET13196-DSL-NORTHLANDS.CE1,10.162.35.11
NET13196-DSL-LARCHWOOD.CE2,10.162.35.18
NET13196-DSL-LARCHWOOD.CE1,10.162.35.17
NET13196-DSL-HEARTSESSEX.CE1,10.162.35.30
NET13196-DSL-GREENSTEAD.CE1,10.162.35.29
NET13196-DSL-SILVEREND.CE1,10.162.35.155
NET13196-DSL-CHETWOOD.CE1,10.162.35.16
NET13196-DSL-BERECHURCH.CE1,10.162.35.22
NET13196-DSL-ACORN.CE1,10.162.35.14
NET14908-DSL-PORTSMOUTHCITADELFURNITURESTORECORPS.CE1,10.162.34.227
NET14233-DSL-BG232MS2.CE2,10.163.3.81
NET14233-DSL-BG002RO1.CE1,10.163.3.70
NET14320-DSL-CHELTENHAM7511.CE4,10.162.34.209
NET14138-DSL-BLACKBURNSTATION.CE1,10.162.34.190
NET14320-DSL-CHELTENHAM7511.CE3,10.162.34.208
NET14676-DSL-LAKESIDEROAD.CE1,10.162.33.222
NET14676-DSL-HIGHSTREET175.CE1,10.162.34.19
NET14676-DSL-EFFRAROAD.CE1,10.162.34.15
NET14676-DSL-CORNFIELDHOUSE.CE1,10.162.34.219
NET14676-DSL-BELLEFIELDS39.CE1,10.162.33.74
NET14676-DSL-BAYHAMSTREET.CE1,10.162.34.10
NET13753-DSL-PETERJAMES.CE1,10.162.36.51
NET12489-DSL-WARWICKROAD.CE1,10.161.24.27
NET12489-DSL-BECKINGHAMBUSINESS.CE1,10.161.24.26
NET13196-DSL-SKELMERSDALE.CE1,10.162.34.204
NET14908-DSL-TSAHOMEUSERIANFOXALLWREXHAM.CE1,10.162.35.2
NET10946-DSL-CHALFONTSTPETERDF61.CE4,10.162.35.173
NET10946-DSL-CHALFONTSTPETERDF61.CE3,10.161.217.47
NET10946-DSL-CHALFONTSTPETERDF61.CE2,10.161.217.46
NET16003-DSL-S013PAISLEY.CE1,10.162.34.104
NET10857-DSL-SKELTON6189R.CE1,10.162.34.88
NET12489-DSL-C25975THEHIGHLANDSPHARMACYLTD.CE1,10.161.24.25
NET13196-DSL-SOUTHPORTDGH.CE1,10.162.34.176
NET16003-DSL-S026NEWTONABBOTT.CE1,10.162.34.110
NET16003-DSL-S021BOURNEMOUTH.CE1,10.162.34.108
NET16003-DSL-S016NEWPORT.CE1,10.162.34.106
NET14676-DSL-PROVIDENCEHOUSE.CE1,10.162.33.82
NET14676-DSL-STORKSROAD.CE1,10.162.33.87
NET12489-DSL-C32821ALCURAUKLTD.CE1,10.161.24.24
NET12489-DSL-C27869PHARMACYREQUIRMENTS.CE1,10.161.24.23
NET18206-DSL-SUNGARD.CE1,100.64.0.6
NET18206-DSL-RAYNESPARK.CE1,100.64.0.5
NET14676-DSL-KEANSTREET.CE1,10.162.33.61
NET10857-DSL-CROMER5180R.CE1,10.162.34.77
NET12489-DSL-C21654HAYDONBRIDGE.CE2,10.162.33.250
NET17316-DSL-BIRMINGHAMSELFRIDGES.CE2,10.162.33.244
NET13753-DSL-MICHELLEIMPANNI.CE1,10.162.33.251
NET15873-DSL-WALTHAMSTOWSHOPT634.CE1,10.162.33.117
NET16293-DSL-3453RUSHDENLAKES.CE1,10.161.4.125
NET13442-DSL-STONEHOUSE.CE2,10.162.33.241
NET13442-DSL-STONEHOUSE.CE1,10.162.33.242
NET12489-DSL-C22829NYEWOODHEALTHCARE.CE2,10.161.24.20
NET17410-DSL-LEICESTER.CE2,100.64.0.9
NET12489-DSL-C41510ELLESMEREPHARMACY.CE1,10.161.24.15
NET10857-DSL-PETERBOROUGH5152R.CE1,10.162.33.112
NET13196-DSL-DARTFORD.CE2,10.162.33.232
NET13196-DSL-STIRLING.CE1,10.162.33.246
NET13196-DSL-IRONSTONE.CE1,10.162.33.203
NET14676-DSL-FELSTEADSTREET.CE1,10.162.33.48
NET13753-DSL-BIRCHWAYSUITE.CE1,10.162.35.145
NET14138-DSL-TAUNTONSTATION.CE1,10.162.33.163
NET14138-DSL-EXETERCENTRALSTATION.CE1,10.162.33.162
